Dimension,Function,Algorithm,Score
10,1,PDABC,6732.0
10,1,ABC,1174.0
10,1,ZOCMAES,4210.0
10,1,EA4eigN100_10,4551.0
10,1,NL-SHADE-LBC,5730.0
10,1,S_LSHADE_DP,818.0
10,1,NL-SHADE-RSP-MID,3090.0
10,1,Co-PPSO,4307.0
10,1,NLSOMACLP,1788.0
10,2,PDABC,2908.0
10,2,ABC,1711.0
10,2,ZOCMAES,4501.0
10,2,EA4eigN100_10,3798.0
10,2,NL-SHADE-LBC,6612.0
10,2,S_LSHADE_DP,4318.0
10,2,NL-SHADE-RSP-MID,5336.0
10,2,Co-PPSO,1744.0
10,2,NLSOMACLP,1472.0
10,3,PDABC,6828.0
10,3,ABC,6672.0
10,3,ZOCMAES,2.0
10,3,EA4eigN100_10,2854.0
10,3,NL-SHADE-LBC,4500.0
10,3,S_LSHADE_DP,1802.0
10,3,NL-SHADE-RSP-MID,5400.0
10,3,Co-PPSO,3210.0
10,3,NLSOMACLP,1132.0
10,4,PDABC,2438.0
10,4,ABC,2.0
10,4,ZOCMAES,6531.5
10,4,EA4eigN100_10,6227.5
10,4,NL-SHADE-LBC,5978.0
10,4,S_LSHADE_DP,4134.0
10,4,NL-SHADE-RSP-MID,1990.5
10,4,Co-PPSO,3064.5
10,4,NLSOMACLP,2034.0
10,5,PDABC,4505.0
10,5,ABC,788.0
10,5,ZOCMAES,2332.0
10,5,EA4eigN100_10,5070.0
10,5,NL-SHADE-LBC,7200.0
10,5,S_LSHADE_DP,2430.0
10,5,NL-SHADE-RSP-MID,680.0
10,5,Co-PPSO,6150.0
10,5,NLSOMACLP,3245.0
10,6,PDABC,1491.0
10,6,ABC,61.0
10,6,ZOCMAES,3203.0
10,6,EA4eigN100_10,7032.0
10,6,NL-SHADE-LBC,5602.0
10,6,S_LSHADE_DP,4433.0
10,6,NL-SHADE-RSP-MID,5475.0
10,6,Co-PPSO,1174.0
10,6,NLSOMACLP,3929.0
10,7,PDABC,2475.0
10,7,ABC,996.0
10,7,ZOCMAES,1136.0
10,7,EA4eigN100_10,3691.0
10,7,NL-SHADE-LBC,5126.0
10,7,S_LSHADE_DP,4778.0
10,7,NL-SHADE-RSP-MID,7140.0
10,7,Co-PPSO,1213.0
10,7,NLSOMACLP,5845.0
10,8,PDABC,3204.0
10,8,ABC,1298.0
10,8,ZOCMAES,469.0
10,8,EA4eigN100_10,5477.0
10,8,NL-SHADE-LBC,5739.0
10,8,S_LSHADE_DP,5509.0
10,8,NL-SHADE-RSP-MID,4811.0
10,8,Co-PPSO,1265.0
10,8,NLSOMACLP,4628.0
10,9,PDABC,7200.0
10,9,ABC,4920.0
10,9,ZOCMAES,3630.0
10,9,EA4eigN100_10,5430.0
10,9,NL-SHADE-LBC,3540.0
10,9,S_LSHADE_DP,1950.0
10,9,NL-SHADE-RSP-MID,3540.0
10,9,Co-PPSO,180.0
10,9,NLSOMACLP,2010.0
10,10,PDABC,6636.5
10,10,ABC,6863.5
10,10,ZOCMAES,65.0
10,10,EA4eigN100_10,2119.0
10,10,NL-SHADE-LBC,2413.0
10,10,S_LSHADE_DP,4968.0
10,10,NL-SHADE-RSP-MID,4587.0
10,10,Co-PPSO,874.0
10,10,NLSOMACLP,3874.0
10,11,PDABC,6836.0
10,11,ABC,4568.0
10,11,ZOCMAES,5151.0
10,11,EA4eigN100_10,2704.5
10,11,NL-SHADE-LBC,5244.0
10,11,S_LSHADE_DP,931.0
10,11,NL-SHADE-RSP-MID,3659.0
10,11,Co-PPSO,2713.5
10,11,NLSOMACLP,593.0
10,12,PDABC,6360.0
10,12,ABC,7140.0
10,12,ZOCMAES,1497.0
10,12,EA4eigN100_10,5400.0
10,12,NL-SHADE-LBC,2009.5
10,12,S_LSHADE_DP,4254.0
10,12,NL-SHADE-RSP-MID,1714.5
10,12,Co-PPSO,1573.0
10,12,NLSOMACLP,2452.0
20,1,PDABC,7140.0
20,1,ABC,3236.0
20,1,ZOCMAES,4651.0
20,1,EA4eigN100_10,4708.0
20,1,NL-SHADE-LBC,6000.0
20,1,S_LSHADE_DP,960.0
20,1,NL-SHADE-RSP-MID,3364.0
20,1,Co-PPSO,440.0
20,1,NLSOMACLP,1901.0
20,2,PDABC,2740.0
20,2,ABC,4090.0
20,2,ZOCMAES,3026.5
20,2,EA4eigN100_10,6126.0
20,2,NL-SHADE-LBC,243.0
20,2,S_LSHADE_DP,6702.0
20,2,NL-SHADE-RSP-MID,4568.0
20,2,Co-PPSO,2994.0
20,2,NLSOMACLP,1910.5
20,3,PDABC,6447.0
20,3,ABC,7053.0
20,3,ZOCMAES,2857.0
20,3,EA4eigN100_10,1348.0
20,3,NL-SHADE-LBC,4037.0
20,3,S_LSHADE_DP,3090.0
20,3,NL-SHADE-RSP-MID,5067.0
20,3,Co-PPSO,409.0
20,3,NLSOMACLP,2092.0
20,4,PDABC,2347.0
20,4,ABC,0.0
20,4,ZOCMAES,3871.5
20,4,EA4eigN100_10,6102.5
20,4,NL-SHADE-LBC,7027.0
20,4,S_LSHADE_DP,4994.0
20,4,NL-SHADE-RSP-MID,2255.0
20,4,Co-PPSO,3728.5
20,4,NLSOMACLP,2074.5
20,5,PDABC,4332.0
20,5,ABC,938.0
20,5,ZOCMAES,6872.0
20,5,EA4eigN100_10,5370.0
20,5,NL-SHADE-LBC,6392.0
20,5,S_LSHADE_DP,2820.0
20,5,NL-SHADE-RSP-MID,0.0
20,5,Co-PPSO,2878.0
20,5,NLSOMACLP,2798.0
20,6,PDABC,1281.0
20,6,ABC,14.0
20,6,ZOCMAES,3132.0
20,6,EA4eigN100_10,7066.0
20,6,NL-SHADE-LBC,6066.0
20,6,S_LSHADE_DP,5552.0
20,6,NL-SHADE-RSP-MID,4690.0
20,6,Co-PPSO,1427.0
20,6,NLSOMACLP,3172.0
20,7,PDABC,6658.0
20,7,ABC,6842.0
20,7,ZOCMAES,21.0
20,7,EA4eigN100_10,4119.0
20,7,NL-SHADE-LBC,4824.0
20,7,S_LSHADE_DP,2977.0
20,7,NL-SHADE-RSP-MID,2784.0
20,7,Co-PPSO,910.0
20,7,NLSOMACLP,3265.0
20,8,PDABC,6447.0
20,8,ABC,5882.0
20,8,ZOCMAES,369.0
20,8,EA4eigN100_10,4509.0
20,8,NL-SHADE-LBC,3927.0
20,8,S_LSHADE_DP,3181.0
20,8,NL-SHADE-RSP-MID,4497.0
20,8,Co-PPSO,1342.0
20,8,NLSOMACLP,2246.0
20,9,PDABC,1110.0
20,9,ABC,0.0
20,9,ZOCMAES,5520.0
20,9,EA4eigN100_10,7170.0
20,9,NL-SHADE-LBC,4170.0
20,9,S_LSHADE_DP,1920.0
20,9,NL-SHADE-RSP-MID,4170.0
20,9,Co-PPSO,5520.0
20,9,NLSOMACLP,2820.0
20,10,PDABC,6390.0
20,10,ABC,7110.0
20,10,ZOCMAES,98.0
20,10,EA4eigN100_10,1669.0
20,10,NL-SHADE-LBC,2692.0
20,10,S_LSHADE_DP,4800.0
20,10,NL-SHADE-RSP-MID,5100.0
20,10,Co-PPSO,941.0
20,10,NLSOMACLP,3600.0
20,11,PDABC,7200.0
20,11,ABC,6284.0
20,11,ZOCMAES,1883.0
20,11,EA4eigN100_10,1402.5
20,11,NL-SHADE-LBC,1807.5
20,11,S_LSHADE_DP,4752.0
20,11,NL-SHADE-RSP-MID,3410.0
20,11,Co-PPSO,1461.0
20,11,NLSOMACLP,4200.0
20,12,PDABC,6297.0
20,12,ABC,7200.0
20,12,ZOCMAES,536.0
20,12,EA4eigN100_10,4533.0
20,12,NL-SHADE-LBC,1824.0
20,12,S_LSHADE_DP,3219.0
20,12,NL-SHADE-RSP-MID,898.0
20,12,Co-PPSO,5370.0
20,12,NLSOMACLP,2523.0
