Algorithm,Dimension,Function,Control,Control_mean,Other_mean,Control_median,Other_median,Statistic,p_value,Relation
ABC,10,1,PDABC,24821.066666666666,128152.26666666666,24772.5,125746.5,0.0,3.019859359162157e-11,+
Co-PPSO,10,1,PDABC,24821.066666666666,51217.46666666667,24772.5,50238.0,0.0,1.7202510031315483e-12,+
EA4eigN100_10,10,1,PDABC,24821.066666666666,47376.066666666666,24772.5,50238.0,30.0,9.737615162376002e-11,+
NL-SHADE-LBC,10,1,PDABC,24821.066666666666,30561.0,24772.5,30564.5,0.0,3.019859359162157e-11,+
NL-SHADE-RSP-MID,10,1,PDABC,24821.066666666666,64664.333333333336,24772.5,63755.5,0.0,3.017966798490446e-11,+
NLSOMACLP,10,1,PDABC,24821.066666666666,117157.8,24772.5,116278.5,0.0,3.019859359162157e-11,+
S_LSHADE_DP,10,1,PDABC,24821.066666666666,126279.63333333333,24772.5,126409.0,0.0,3.006634138511715e-11,+
ZOCMAES,10,1,PDABC,24821.066666666666,400000000011872.56,24772.5,25032.0,438.0,0.8644592744928133,=
ABC,10,2,PDABC,933333333342109.6,1000000000000000.0,1000000000000000.0,1000000000000000.0,436.0,0.6770677155020535,=
Co-PPSO,10,2,PDABC,933333333342109.6,1000000000000001.6,1000000000000000.0,1000000000000000.0,257.0,0.00033681178482076676,+
EA4eigN100_10,10,2,PDABC,933333333342109.6,366666666703910.6,1000000000000000.0,50238.0,568.0,0.066624556754195,=
NL-SHADE-LBC,10,2,PDABC,933333333342109.6,33333333363652.8,1000000000000000.0,30915.0,870.0,9.756554493564226e-11,-
NL-SHADE-RSP-MID,10,2,PDABC,933333333342109.6,70820.46666666666,1000000000000000.0,69616.5,900.0,4.107925138128255e-12,-
NLSOMACLP,10,2,PDABC,933333333342109.6,1000000000000000.0,1000000000000000.0,1000000000000000.0,265.0,0.0005539158542090577,+
S_LSHADE_DP,10,2,PDABC,933333333342109.6,134782.9,1000000000000000.0,133663.0,868.0,1.1961025640067208e-10,-
ZOCMAES,10,2,PDABC,933333333342109.6,433333333349894.94,1000000000000000.0,37489.0,570.0,0.05881937853210827,=
ABC,10,3,PDABC,9259.966666666667,9484.933333333332,9281.5,9415.5,372.0,0.2518808246619123,=
Co-PPSO,10,3,PDABC,9259.966666666667,79622.0,9281.5,79622.0,0.0,1.2117803970059759e-12,+
EA4eigN100_10,10,3,PDABC,9259.966666666667,85831.33333333333,9281.5,79622.0,0.0,4.080594529244815e-12,+
NL-SHADE-LBC,10,3,PDABC,9259.966666666667,53620.6,9281.5,53518.5,0.0,3.019859359162157e-11,+
NL-SHADE-RSP-MID,10,3,PDABC,9259.966666666667,35652.333333333336,9281.5,35631.0,0.0,3.019859359162157e-11,+
NLSOMACLP,10,3,PDABC,9259.966666666667,33333333423672.965,9281.5,93310.5,0.0,3.019859359162157e-11,+
S_LSHADE_DP,10,3,PDABC,9259.966666666667,89956.2,9281.5,89706.0,0.0,3.0141849228072565e-11,+
ZOCMAES,10,3,PDABC,9259.966666666667,1000000000000000.6,9281.5,1000000000000000.1,0.0,2.3859533141049918e-11,+
ABC,10,4,PDABC,1000000000000007.5,1000000000000035.4,1000000000000008.0,1000000000000034.0,0.0,2.3540865168896147e-11,+
Co-PPSO,10,4,PDABC,1000000000000007.5,1000000000000006.6,1000000000000008.0,1000000000000007.0,557.0,0.11028677358316287,=
EA4eigN100_10,10,4,PDABC,1000000000000007.5,733333333366341.5,1000000000000008.0,1000000000000001.0,891.0,4.690278571398278e-11,-
NL-SHADE-LBC,10,4,PDABC,1000000000000007.5,1000000000000001.4,1000000000000008.0,1000000000000001.0,893.5,3.061718390086985e-11,-
NL-SHADE-RSP-MID,10,4,PDABC,1000000000000007.5,1000000000000010.0,1000000000000008.0,1000000000000009.5,302.5,0.028361838417397908,+
NLSOMACLP,10,4,PDABC,1000000000000007.5,1000000000000009.2,1000000000000008.0,1000000000000009.0,323.5,0.059492512813669365,=
S_LSHADE_DP,10,4,PDABC,1000000000000007.5,1000000000000004.6,1000000000000008.0,1000000000000005.0,765.0,2.366342233740086e-06,-
ZOCMAES,10,4,PDABC,1000000000000007.5,833333333336109.1,1000000000000008.0,1000000000000001.0,888.5,4.064696173521141e-11,-
ABC,10,5,PDABC,53911.86666666667,1000000000000000.1,51906.5,1000000000000000.1,0.0,2.211875318584494e-11,+
Co-PPSO,10,5,PDABC,53911.86666666667,31698.0,51906.5,31698.0,900.0,1.2117803970059759e-12,-
EA4eigN100_10,10,5,PDABC,53911.86666666667,44058.0,51906.5,50238.0,620.0,0.010476622686445157,-
NL-SHADE-LBC,10,5,PDABC,53911.86666666667,26774.733333333334,51906.5,26732.5,900.0,3.019859359162157e-11,-
NL-SHADE-RSP-MID,10,5,PDABC,53911.86666666667,766666666705249.5,51906.5,1000000000000000.2,0.0,2.812718692692767e-11,+
NLSOMACLP,10,5,PDABC,53911.86666666667,33333333436044.37,51906.5,108916.0,0.0,3.019859359162157e-11,+
S_LSHADE_DP,10,5,PDABC,53911.86666666667,125341.53333333334,51906.5,125478.5,0.0,3.019859359162157e-11,+
ZOCMAES,10,5,PDABC,53911.86666666667,666666666679998.0,51906.5,1000000000000000.0,275.0,0.009741326085284057,+
ABC,10,6,PDABC,1000000000000206.6,1000000000002759.6,1000000000000047.9,1000000000002573.2,21.0,2.370116047381963e-10,+
Co-PPSO,10,6,PDABC,1000000000000206.6,1000000000000333.1,1000000000000047.9,1000000000000111.0,311.0,0.04059221111049941,+
EA4eigN100_10,10,6,PDABC,1000000000000206.6,1000000000000000.0,1000000000000047.9,1000000000000000.0,900.0,3.1482692403239496e-12,-
NL-SHADE-LBC,10,6,PDABC,1000000000000206.6,1000000000000000.0,1000000000000047.9,1000000000000000.1,900.0,2.076207732688069e-11,-
NL-SHADE-RSP-MID,10,6,PDABC,1000000000000206.6,1000000000000000.1,1000000000000047.9,1000000000000000.1,900.0,2.025680278256432e-11,-
NLSOMACLP,10,6,PDABC,1000000000000206.6,1000000000000000.4,1000000000000047.9,1000000000000000.4,898.0,3.408777525917744e-11,-
S_LSHADE_DP,10,6,PDABC,1000000000000206.6,1000000000000000.2,1000000000000047.9,1000000000000000.2,900.0,2.268081878243886e-11,-
ZOCMAES,10,6,PDABC,1000000000000206.6,1000000000000002.1,1000000000000047.9,1000000000000000.5,878.0,2.459670548753132e-10,-
ABC,10,7,PDABC,1000000000000000.9,1000000000000002.4,1000000000000000.2,1000000000000002.2,38.5,1.1270572111299722e-09,+
Co-PPSO,10,7,PDABC,1000000000000000.9,1000000000000008.6,1000000000000000.2,1000000000000001.8,155.5,1.258276734365706e-05,+
EA4eigN100_10,10,7,PDABC,1000000000000000.9,197539.73333333334,1000000000000000.2,200000.0,900.0,1.5682557612219007e-12,-
NL-SHADE-LBC,10,7,PDABC,1000000000000000.9,146033.63333333333,1000000000000000.2,147939.5,900.0,2.8074005074710786e-11,-
NL-SHADE-RSP-MID,10,7,PDABC,1000000000000000.9,77208.13333333333,1000000000000000.2,78552.5,900.0,2.8074005074710786e-11,-
NLSOMACLP,10,7,PDABC,1000000000000000.9,100000000105167.8,1000000000000000.2,116871.0,820.5,4.2571497165679036e-08,-
S_LSHADE_DP,10,7,PDABC,1000000000000000.9,151657.53333333333,1000000000000000.2,153321.5,900.0,2.8074005074710786e-11,-
ZOCMAES,10,7,PDABC,1000000000000000.9,933333333336032.1,1000000000000000.2,1000000000000015.2,92.0,1.1582977181982063e-07,-
ABC,10,8,PDABC,1000000000000000.2,1000000000000010.2,1000000000000000.4,1000000000000008.1,0.0,2.768679986630936e-11,+
Co-PPSO,10,8,PDABC,1000000000000000.2,1000000000000015.5,1000000000000000.4,1000000000000020.6,124.5,1.4223354682904883e-06,+
EA4eigN100_10,10,8,PDABC,1000000000000000.2,1000000000000000.0,1000000000000000.4,1000000000000000.0,869.5,2.5066910947902065e-10,-
NL-SHADE-LBC,10,8,PDABC,1000000000000000.2,1000000000000000.0,1000000000000000.4,1000000000000000.0,886.5,3.3809129436781684e-11,-
NL-SHADE-RSP-MID,10,8,PDABC,1000000000000000.2,1000000000000000.2,1000000000000000.4,1000000000000000.1,668.0,0.001118404915906356,=
NLSOMACLP,10,8,PDABC,1000000000000000.2,1000000000000000.2,1000000000000000.4,1000000000000000.0,695.0,0.00024831739028735974,=
S_LSHADE_DP,10,8,PDABC,1000000000000000.2,1000000000000000.0,1000000000000000.4,1000000000000000.0,717.0,5.425977754709612e-05,-
ZOCMAES,10,8,PDABC,1000000000000000.2,1000000000000020.8,1000000000000000.4,1000000000000021.2,25.0,3.1516896842204774e-10,+
ABC,10,9,PDABC,42383.76666666667,1000000000000072.9,40543.5,1000000000000001.0,0.0,2.933913107864924e-11,+
Co-PPSO,10,9,PDABC,42383.76666666667,1000000000000229.4,40543.5,1000000000000229.8,0.0,1.796541238291943e-11,+
EA4eigN100_10,10,9,PDABC,42383.76666666667,1000000000000185.2,40543.5,1000000000000185.5,0.0,1.2117803970059759e-12,+
NL-SHADE-LBC,10,9,PDABC,42383.76666666667,1000000000000229.1,40543.5,1000000000000229.2,0.0,1.2117803970059759e-12,+
NL-SHADE-RSP-MID,10,9,PDABC,42383.76666666667,1000000000000229.1,40543.5,1000000000000229.2,0.0,1.2117803970059759e-12,+
NLSOMACLP,10,9,PDABC,42383.76666666667,1000000000000229.1,40543.5,1000000000000229.2,0.0,1.2117803970059759e-12,+
S_LSHADE_DP,10,9,PDABC,42383.76666666667,833333333355153.2,40543.5,1000000000000229.2,0.0,5.219031408673294e-12,+
ZOCMAES,10,9,PDABC,42383.76666666667,1000000000000229.1,40543.5,1000000000000229.2,0.0,1.2117803970059759e-12,+
ABC,10,10,PDABC,1208.4333333333334,716.6,978.0,619.5,563.5,0.09478361798830373,=
Co-PPSO,10,10,PDABC,1208.4333333333334,1000000000000100.2,978.0,1000000000000100.2,0.0,1.480117814633023e-11,+
EA4eigN100_10,10,10,PDABC,1208.4333333333334,1000000000000100.1,978.0,1000000000000100.1,0.0,7.568726085047406e-12,+
NL-SHADE-LBC,10,10,PDABC,1208.4333333333334,1000000000000100.1,978.0,1000000000000100.1,0.0,1.718884598269273e-12,+
NL-SHADE-RSP-MID,10,10,PDABC,1208.4333333333334,466666666713463.6,978.0,139727.5,0.0,2.937602995082797e-11,+
NLSOMACLP,10,10,PDABC,1208.4333333333334,1000000000000000.4,978.0,1000000000000000.1,0.0,1.8930854001119064e-11,+
S_LSHADE_DP,10,10,PDABC,1208.4333333333334,66666666769175.95,978.0,110270.0,0.0,3.016075319890922e-11,+
ZOCMAES,10,10,PDABC,1208.4333333333334,1000000000000134.2,978.0,1000000000000100.5,0.0,2.7201043084698188e-11,+
ABC,10,11,PDABC,24747.0,41130.53333333333,24637.0,45786.5,150.0,9.513937913202741e-06,+
Co-PPSO,10,11,PDABC,24747.0,100000000047198.16,24637.0,50238.0,0.0,5.2114455513090915e-12,+
EA4eigN100_10,10,11,PDABC,24747.0,61012.13333333333,24637.0,50238.0,0.0,1.2454695063293308e-11,+
NL-SHADE-LBC,10,11,PDABC,24747.0,41411.36666666667,24637.0,41368.0,0.0,3.019859359162157e-11,+
NL-SHADE-RSP-MID,10,11,PDABC,24747.0,33333333384078.832,24637.0,47738.5,0.0,3.019859359162157e-11,+
NLSOMACLP,10,11,PDABC,24747.0,126301.93333333333,24637.0,125044.5,0.0,3.019859359162157e-11,+
S_LSHADE_DP,10,11,PDABC,24747.0,122512.66666666667,24637.0,122502.0,0.0,3.0141849228072565e-11,+
ZOCMAES,10,11,PDABC,24747.0,200000000021359.97,24637.0,28070.5,214.0,0.0004950392141111753,+
ABC,10,12,PDABC,266666666761090.4,33573.13333333333,155159.0,11466.0,840.0,8.48477290014798e-09,-
Co-PPSO,10,12,PDABC,266666666761090.4,1000000000000164.6,155159.0,1000000000000164.9,0.0,1.0959601025807445e-11,+
EA4eigN100_10,10,12,PDABC,266666666761090.4,1000000000000147.5,155159.0,1000000000000145.6,0.0,2.0614642264630705e-11,+
NL-SHADE-LBC,10,12,PDABC,266666666761090.4,1000000000000164.5,155159.0,1000000000000164.9,0.0,3.160214693348856e-12,+
NL-SHADE-RSP-MID,10,12,PDABC,266666666761090.4,1000000000000164.5,155159.0,1000000000000164.8,0.0,2.899069492047381e-11,+
NLSOMACLP,10,12,PDABC,266666666761090.4,1000000000000164.1,155159.0,1000000000000164.5,0.0,2.952404922596988e-11,+
S_LSHADE_DP,10,12,PDABC,266666666761090.4,1000000000000161.9,155159.0,1000000000000161.4,0.0,2.6554240276786378e-11,+
ZOCMAES,10,12,PDABC,266666666761090.4,1000000000000164.9,155159.0,1000000000000164.9,0.0,2.7897394248755596e-11,+
ABC,20,1,PDABC,60378.6,338270.2,60279.5,330837.5,0.0,3.019859359162157e-11,+
Co-PPSO,20,1,PDABC,60378.6,599911.3333333334,60279.5,630958.0,0.0,4.080594529244815e-12,+
EA4eigN100_10,20,1,PDABC,60378.6,161579.96666666667,60279.5,158490.0,0.0,1.7202510031315483e-12,+
NL-SHADE-LBC,20,1,PDABC,60378.6,113576.46666666666,60279.5,113798.0,0.0,3.019859359162157e-11,+
NL-SHADE-RSP-MID,20,1,PDABC,60378.6,327954.63333333336,60279.5,326573.5,0.0,3.019859359162157e-11,+
NLSOMACLP,20,1,PDABC,60378.6,474604.13333333336,60279.5,472890.0,0.0,3.019859359162157e-11,+
S_LSHADE_DP,20,1,PDABC,60378.6,566249.8666666667,60279.5,566513.0,0.0,3.0141849228072565e-11,+
ZOCMAES,20,1,PDABC,60378.6,200000000094002.3,60279.5,133834.0,60.0,8.345081857050866e-09,+
ABC,20,2,PDABC,1000000000000032.0,1000000000000005.9,1000000000000044.9,1000000000000004.5,703.5,0.0001724041184319086,-
Co-PPSO,20,2,PDABC,1000000000000032.0,1000000000000016.6,1000000000000044.9,1000000000000016.5,660.0,0.0018665949392237316,-
EA4eigN100_10,20,2,PDABC,1000000000000032.0,266666667129370.28,1000000000000044.9,630958.0,836.0,4.17851524616326e-09,-
NL-SHADE-LBC,20,2,PDABC,1000000000000032.0,1000000000000047.1,1000000000000044.9,1000000000000049.1,140.5,2.913715630883731e-07,+
NL-SHADE-RSP-MID,20,2,PDABC,1000000000000032.0,1000000000000008.9,1000000000000044.9,1000000000000000.4,741.5,1.4509067059729056e-05,-
NLSOMACLP,20,2,PDABC,1000000000000032.0,1000000000000035.1,1000000000000044.9,1000000000000049.1,285.0,0.010023240640845204,+
S_LSHADE_DP,20,2,PDABC,1000000000000032.0,100000000556764.47,1000000000000044.9,624858.0,876.0,2.677948496633157e-10,-
ZOCMAES,20,2,PDABC,1000000000000032.0,966666666671474.2,1000000000000044.9,1000000000000048.9,429.5,0.7640790406092299,=
ABC,20,3,PDABC,22127.9,21167.8,22221.0,21015.5,753.0,7.73643681370684e-06,-
Co-PPSO,20,3,PDABC,22127.9,833333333399684.6,22221.0,1000000000000000.0,0.0,5.143627116717606e-12,+
EA4eigN100_10,20,3,PDABC,22127.9,329545.8,22221.0,398108.0,0.0,1.4488452648547692e-11,+
NL-SHADE-LBC,20,3,PDABC,22127.9,156926.1,22221.0,156729.0,0.0,3.019859359162157e-11,+
NL-SHADE-RSP-MID,20,3,PDABC,22127.9,140853.5,22221.0,140640.0,0.0,3.019859359162157e-11,+
NLSOMACLP,20,3,PDABC,22127.9,249166.46666666667,22221.0,248828.0,0.0,3.019859359162157e-11,+
S_LSHADE_DP,20,3,PDABC,22127.9,209235.23333333334,22221.0,209506.0,0.0,3.017966798490446e-11,+
ZOCMAES,20,3,PDABC,22127.9,433333333404860.56,22221.0,153049.0,0.0,2.8573957194873827e-11,+
ABC,20,4,PDABC,1000000000000026.9,1000000000000171.9,1000000000000027.8,1000000000000166.0,0.0,2.952404922596988e-11,+
Co-PPSO,20,4,PDABC,1000000000000026.9,1000000000000019.2,1000000000000027.8,1000000000000017.4,701.0,0.00020985524616317397,-
EA4eigN100_10,20,4,PDABC,1000000000000026.9,1000000000000008.5,1000000000000027.8,1000000000000007.0,889.0,8.526771936756891e-11,-
NL-SHADE-LBC,20,4,PDABC,1000000000000026.9,1000000000000004.6,1000000000000027.8,1000000000000005.0,900.0,2.58392826800925e-11,-
NL-SHADE-RSP-MID,20,4,PDABC,1000000000000026.9,1000000000000027.8,1000000000000027.8,1000000000000026.9,441.0,0.899920323136667,=
NLSOMACLP,20,4,PDABC,1000000000000026.9,1000000000000029.9,1000000000000027.8,1000000000000028.9,400.0,0.46396854187298264,=
S_LSHADE_DP,20,4,PDABC,1000000000000026.9,1000000000000013.6,1000000000000027.8,1000000000000012.5,861.0,1.2503564577757053e-09,-
ZOCMAES,20,4,PDABC,1000000000000026.9,1000000000000020.8,1000000000000027.8,1000000000000017.9,661.0,0.001844992452406834,-
ABC,20,5,PDABC,232688.7,1000000000000003.5,226710.5,1000000000000003.5,0.0,2.978472128053608e-11,+
Co-PPSO,20,5,PDABC,232688.7,600000000081936.4,226710.5,1000000000000000.1,228.0,0.0010298698676064753,+
EA4eigN100_10,20,5,PDABC,232688.7,158490.0,226710.5,158490.0,900.0,1.2117803970059759e-12,-
NL-SHADE-LBC,20,5,PDABC,232688.7,79836.36666666667,226710.5,79965.5,900.0,3.019859359162157e-11,-
NL-SHADE-RSP-MID,20,5,PDABC,232688.7,1000000000000147.2,226710.5,1000000000000139.1,0.0,3.019859359162157e-11,+
NLSOMACLP,20,5,PDABC,232688.7,433333333563678.7,226710.5,473395.5,0.0,2.6269452026848432e-11,+
S_LSHADE_DP,20,5,PDABC,232688.7,33333333856738.836,226710.5,541357.5,0.0,3.019859359162157e-11,+
ZOCMAES,20,5,PDABC,232688.7,66666666712926.734,226710.5,44750.5,840.0,8.48477290014798e-09,+
ABC,20,6,PDABC,1000000000005541.1,1000000000022788.4,1000000000005280.8,1000000000022671.5,0.0,3.019859359162157e-11,+
Co-PPSO,20,6,PDABC,1000000000005541.1,1000000000005589.2,1000000000005280.8,1000000000003914.6,519.0,0.31118764341027494,=
EA4eigN100_10,20,6,PDABC,1000000000005541.1,1000000000000000.0,1000000000005280.8,1000000000000000.1,900.0,1.0914713902274894e-11,-
NL-SHADE-LBC,20,6,PDABC,1000000000005541.1,1000000000000000.5,1000000000005280.8,1000000000000000.5,900.0,2.587214289768214e-11,-
NL-SHADE-RSP-MID,20,6,PDABC,1000000000005541.1,1000000000000006.2,1000000000005280.8,1000000000000004.5,900.0,3.017966798490446e-11,-
NLSOMACLP,20,6,PDABC,1000000000005541.1,1000000000000041.1,1000000000005280.8,1000000000000038.9,900.0,3.019859359162157e-11,-
S_LSHADE_DP,20,6,PDABC,1000000000005541.1,1000000000000002.1,1000000000005280.8,1000000000000001.4,900.0,2.922868803553991e-11,-
ZOCMAES,20,6,PDABC,1000000000005541.1,1000000000000041.6,1000000000005280.8,1000000000000038.1,900.0,3.008520215091029e-11,-
ABC,20,7,PDABC,6774.366666666667,5607.966666666666,6313.0,4846.5,542.0,0.1761275454839878,=
Co-PPSO,20,7,PDABC,6774.366666666667,1000000000000029.8,6313.0,1000000000000026.8,0.0,3.016075319890922e-11,+
EA4eigN100_10,20,7,PDABC,6774.366666666667,966666666700003.6,6313.0,1000000000000002.2,0.0,2.9561160210067515e-11,+
NL-SHADE-LBC,20,7,PDABC,6774.366666666667,1000000000000002.4,6313.0,1000000000000000.5,0.0,2.706369119995905e-11,+
NL-SHADE-RSP-MID,20,7,PDABC,6774.366666666667,1000000000000011.6,6313.0,1000000000000007.2,0.0,2.993461776053235e-11,+
NLSOMACLP,20,7,PDABC,6774.366666666667,1000000000000008.2,6313.0,1000000000000004.5,0.0,3.004749140670014e-11,+
S_LSHADE_DP,20,7,PDABC,6774.366666666667,966666666692688.4,6313.0,1000000000000019.8,0.0,2.950550967787438e-11,+
ZOCMAES,20,7,PDABC,6774.366666666667,1000000000000095.4,6313.0,1000000000000101.6,0.0,3.019859359162157e-11,+
ABC,20,8,PDABC,66666666812842.164,166666666838149.78,145464.0,230163.5,386.0,0.3478277829758114,=
Co-PPSO,20,8,PDABC,66666666812842.164,1000000000000021.6,145464.0,1000000000000021.5,48.0,2.8879384725598257e-09,+
EA4eigN100_10,20,8,PDABC,66666666812842.164,1000000000000016.5,145464.0,1000000000000020.2,60.0,7.96090545817751e-09,+
NL-SHADE-LBC,20,8,PDABC,66666666812842.164,1000000000000016.4,145464.0,1000000000000020.5,60.0,8.281903364651416e-09,+
NL-SHADE-RSP-MID,20,8,PDABC,66666666812842.164,1000000000000020.0,145464.0,1000000000000020.2,60.0,6.572797472090972e-09,+
NLSOMACLP,20,8,PDABC,66666666812842.164,1000000000000020.6,145464.0,1000000000000020.9,59.5,7.956677963962182e-09,+
S_LSHADE_DP,20,8,PDABC,66666666812842.164,1000000000000018.5,145464.0,1000000000000020.8,60.0,7.713561821195638e-09,+
ZOCMAES,20,8,PDABC,66666666812842.164,1000000000000054.6,145464.0,1000000000000023.4,20.5,2.247491142273757e-10,+
ABC,20,9,PDABC,966666666681363.5,1000000000000335.9,1000000000000335.6,1000000000000335.9,14.5,4.8145223523675554e-12,+
Co-PPSO,20,9,PDABC,966666666681363.5,1000000000000180.2,1000000000000335.6,1000000000000180.2,870.0,3.720832448087689e-11,+
EA4eigN100_10,20,9,PDABC,966666666681363.5,1000000000000165.1,1000000000000335.6,1000000000000165.4,870.0,1.216007469292752e-12,+
NL-SHADE-LBC,20,9,PDABC,966666666681363.5,1000000000000180.5,1000000000000335.6,1000000000000180.8,870.0,1.216007469292752e-12,+
NL-SHADE-RSP-MID,20,9,PDABC,966666666681363.5,1000000000000180.5,1000000000000335.6,1000000000000180.8,870.0,1.216007469292752e-12,+
NLSOMACLP,20,9,PDABC,966666666681363.5,1000000000000180.5,1000000000000335.6,1000000000000180.8,870.0,1.216007469292752e-12,+
S_LSHADE_DP,20,9,PDABC,966666666681363.5,1000000000000180.5,1000000000000335.6,1000000000000180.8,870.0,1.216007469292752e-12,+
ZOCMAES,20,9,PDABC,966666666681363.5,1000000000000180.5,1000000000000335.6,1000000000000180.8,870.0,1.216007469292752e-12,+
ABC,20,10,PDABC,3867.0,1601.1333333333334,3196.0,1483.5,810.0,1.0661353476978294e-07,-
Co-PPSO,20,10,PDABC,3867.0,1000000000000117.4,3196.0,1000000000000100.4,0.0,2.0937560507522918e-11,+
EA4eigN100_10,20,10,PDABC,3867.0,1000000000000108.2,3196.0,1000000000000100.2,0.0,3.157822271992508e-12,+
NL-SHADE-LBC,20,10,PDABC,3867.0,1000000000000100.2,3196.0,1000000000000100.1,0.0,1.4049492963438054e-11,+
NL-SHADE-RSP-MID,20,10,PDABC,3867.0,66666666802928.03,3196.0,143152.0,0.0,3.016075319890922e-11,+
NLSOMACLP,20,10,PDABC,3867.0,1000000000000000.2,3196.0,1000000000000000.2,0.0,1.7522784242462518e-11,+
S_LSHADE_DP,20,10,PDABC,3867.0,154735.46666666667,3196.0,153200.5,0.0,3.017966798490446e-11,+
ZOCMAES,20,10,PDABC,3867.0,1000000000000734.1,3196.0,1000000000000100.8,0.0,2.7879789047512478e-11,+
ABC,20,11,PDABC,59073.73333333333,136876.06666666668,58480.5,119745.5,0.0,3.019859359162157e-11,+
Co-PPSO,20,11,PDABC,59073.73333333333,933333333350392.5,58480.5,1000000000000300.0,0.0,1.4488452648547692e-11,+
EA4eigN100_10,20,11,PDABC,59073.73333333333,1000000000000323.4,58480.5,1000000000000300.0,0.0,7.574066435137388e-12,+
NL-SHADE-LBC,20,11,PDABC,59073.73333333333,1000000000000303.4,58480.5,1000000000000300.0,0.0,1.7202510031315483e-12,+
NL-SHADE-RSP-MID,20,11,PDABC,59073.73333333333,600000000178769.1,58480.5,1000000000000150.0,0.0,2.1087103535836724e-11,+
NLSOMACLP,20,11,PDABC,59073.73333333333,200000000597255.0,58480.5,804430.5,0.0,3.000982378980083e-11,+
S_LSHADE_DP,20,11,PDABC,59073.73333333333,100000000442431.03,58480.5,534171.0,0.0,3.0122956066832855e-11,+
ZOCMAES,20,11,PDABC,59073.73333333333,966666666671217.9,58480.5,1000000000000300.0,0.0,3.157822271992508e-12,+
ABC,20,12,PDABC,900000000084092.5,65507.36666666667,1000000000000150.6,33355.5,900.0,3.017966798490446e-11,-
Co-PPSO,20,12,PDABC,900000000084092.5,1000000000000196.4,1000000000000150.6,1000000000000196.2,0.0,2.9859583708698266e-11,+
EA4eigN100_10,20,12,PDABC,900000000084092.5,1000000000000199.6,1000000000000150.6,1000000000000200.0,3.0,2.4091159090786136e-12,+
NL-SHADE-LBC,20,12,PDABC,900000000084092.5,1000000000000239.1,1000000000000150.6,1000000000000239.2,0.0,3.0141849228072565e-11,+
NL-SHADE-RSP-MID,20,12,PDABC,900000000084092.5,1000000000000243.4,1000000000000150.6,1000000000000243.2,0.0,3.006634138511715e-11,+
NLSOMACLP,20,12,PDABC,900000000084092.5,1000000000000236.5,1000000000000150.6,1000000000000236.1,0.0,3.008520215091029e-11,+
S_LSHADE_DP,20,12,PDABC,900000000084092.5,1000000000000233.8,1000000000000150.6,1000000000000232.8,0.0,3.000982378980083e-11,+
ZOCMAES,20,12,PDABC,900000000084092.5,1000000000000248.2,1000000000000150.6,1000000000000247.0,0.0,3.008520215091029e-11,+
