Dimension,Function,Algorithm,MeanTrialValue_TR,CaseRank
10,1,PDABC,24821.066666666666,1.0
10,1,NL-SHADE-LBC,30561.0,2.0
10,1,EA4eigN100_10,47376.066666666666,3.0
10,1,Co-PPSO,51217.46666666667,4.0
10,1,NL-SHADE-RSP-MID,64664.333333333336,5.0
10,1,NLSOMACLP,117157.8,6.0
10,1,S_LSHADE_DP,126279.63333333333,7.0
10,1,ABC,128152.26666666666,8.0
10,1,ZOCMAES,400000000011872.56,9.0
10,2,NL-SHADE-RSP-MID,70820.46666666666,1.0
10,2,S_LSHADE_DP,134782.9,2.0
10,2,NL-SHADE-LBC,33333333363652.8,3.0
10,2,EA4eigN100_10,366666666703910.6,4.0
10,2,ZOCMAES,433333333349894.94,5.0
10,2,PDABC,933333333342109.6,6.0
10,2,ABC,1000000000000000.0,7.5
10,2,NLSOMACLP,1000000000000000.0,7.5
10,2,Co-PPSO,1000000000000001.8,9.0
10,3,PDABC,9259.966666666667,1.0
10,3,ABC,9484.933333333332,2.0
10,3,NL-SHADE-RSP-MID,35652.333333333336,3.0
10,3,NL-SHADE-LBC,53620.6,4.0
10,3,Co-PPSO,79622.0,5.0
10,3,EA4eigN100_10,85831.33333333333,6.0
10,3,S_LSHADE_DP,89956.2,7.0
10,3,NLSOMACLP,33333333423672.965,8.0
10,3,ZOCMAES,1000000000000000.6,9.0
10,4,EA4eigN100_10,733333333366341.4,1.0
10,4,ZOCMAES,833333333336109.2,2.0
10,4,NL-SHADE-LBC,1000000000000001.4,3.0
10,4,S_LSHADE_DP,1000000000000004.8,4.0
10,4,Co-PPSO,1000000000000006.6,5.0
10,4,PDABC,1000000000000007.5,6.0
10,4,NLSOMACLP,1000000000000009.4,7.0
10,4,NL-SHADE-RSP-MID,1000000000000010.0,8.0
10,4,ABC,1000000000000035.2,9.0
10,5,NL-SHADE-LBC,26774.733333333334,1.0
10,5,Co-PPSO,31698.0,2.0
10,5,EA4eigN100_10,44058.0,3.0
10,5,PDABC,53911.86666666667,4.0
10,5,S_LSHADE_DP,125341.53333333334,5.0
10,5,NLSOMACLP,33333333436044.37,6.0
10,5,ZOCMAES,666666666679998.0,7.0
10,5,NL-SHADE-RSP-MID,766666666705249.6,8.0
10,5,ABC,1000000000000000.1,9.0
10,6,EA4eigN100_10,1000000000000000.0,1.0
10,6,NL-SHADE-LBC,1000000000000000.1,2.5
10,6,NL-SHADE-RSP-MID,1000000000000000.1,2.5
10,6,S_LSHADE_DP,1000000000000000.2,4.0
10,6,NLSOMACLP,1000000000000000.5,5.0
10,6,ZOCMAES,1000000000000002.1,6.0
10,6,PDABC,1000000000000206.6,7.0
10,6,Co-PPSO,1000000000000333.2,8.0
10,6,ABC,1000000000002759.6,9.0
10,7,NL-SHADE-RSP-MID,77208.13333333333,1.0
10,7,NL-SHADE-LBC,146033.63333333333,2.0
10,7,S_LSHADE_DP,151657.53333333333,3.0
10,7,EA4eigN100_10,197539.73333333334,4.0
10,7,NLSOMACLP,100000000105167.8,5.0
10,7,ZOCMAES,933333333336032.0,6.0
10,7,PDABC,1000000000000001.1,7.0
10,7,ABC,1000000000000002.5,8.0
10,7,Co-PPSO,1000000000000008.8,9.0
10,8,EA4eigN100_10,1000000000000000.0,1.5
10,8,NL-SHADE-LBC,1000000000000000.0,1.5
10,8,S_LSHADE_DP,1000000000000000.1,3.0
10,8,NL-SHADE-RSP-MID,1000000000000000.2,4.5
10,8,NLSOMACLP,1000000000000000.2,4.5
10,8,PDABC,1000000000000000.4,6.0
10,8,ABC,1000000000000010.2,7.0
10,8,Co-PPSO,1000000000000015.5,8.0
10,8,ZOCMAES,1000000000000020.8,9.0
10,9,PDABC,42383.76666666667,1.0
10,9,S_LSHADE_DP,833333333355153.2,2.0
10,9,ABC,1000000000000073.1,3.0
10,9,EA4eigN100_10,1000000000000185.5,4.0
10,9,NL-SHADE-LBC,1000000000000229.2,6.5
10,9,NL-SHADE-RSP-MID,1000000000000229.2,6.5
10,9,NLSOMACLP,1000000000000229.2,6.5
10,9,ZOCMAES,1000000000000229.2,6.5
10,9,Co-PPSO,1000000000000229.8,9.0
10,10,ABC,716.6,1.0
10,10,PDABC,1208.4333333333334,2.0
10,10,S_LSHADE_DP,66666666769175.95,3.0
10,10,NL-SHADE-RSP-MID,466666666713463.56,4.0
10,10,NLSOMACLP,1000000000000000.2,5.0
10,10,EA4eigN100_10,1000000000000100.1,6.5
10,10,NL-SHADE-LBC,1000000000000100.1,6.5
10,10,Co-PPSO,1000000000000100.2,8.0
10,10,ZOCMAES,1000000000000134.4,9.0
10,11,PDABC,24747.0,1.0
10,11,ABC,41130.53333333333,2.0
10,11,NL-SHADE-LBC,41411.36666666667,3.0
10,11,EA4eigN100_10,61012.13333333333,4.0
10,11,S_LSHADE_DP,122512.66666666667,5.0
10,11,NLSOMACLP,126301.93333333333,6.0
10,11,NL-SHADE-RSP-MID,33333333384078.832,7.0
10,11,Co-PPSO,100000000047198.16,8.0
10,11,ZOCMAES,200000000021359.97,9.0
10,12,ABC,33573.13333333333,1.0
10,12,PDABC,266666666761090.4,2.0
10,12,EA4eigN100_10,1000000000000147.4,3.0
10,12,S_LSHADE_DP,1000000000000161.8,4.0
10,12,NLSOMACLP,1000000000000164.0,5.0
10,12,Co-PPSO,1000000000000164.8,7.0
10,12,NL-SHADE-LBC,1000000000000164.8,7.0
10,12,NL-SHADE-RSP-MID,1000000000000164.8,7.0
10,12,ZOCMAES,1000000000000164.9,9.0
20,1,PDABC,60378.6,1.0
20,1,NL-SHADE-LBC,113576.46666666666,2.0
20,1,EA4eigN100_10,161579.96666666667,3.0
20,1,NL-SHADE-RSP-MID,327954.63333333336,4.0
20,1,ABC,338270.2,5.0
20,1,NLSOMACLP,474604.13333333336,6.0
20,1,S_LSHADE_DP,566249.8666666667,7.0
20,1,Co-PPSO,599911.3333333334,8.0
20,1,ZOCMAES,200000000094002.3,9.0
20,2,S_LSHADE_DP,100000000556764.47,1.0
20,2,EA4eigN100_10,266666667129370.28,2.0
20,2,ZOCMAES,966666666671474.2,3.0
20,2,ABC,1000000000000005.9,4.0
20,2,NL-SHADE-RSP-MID,1000000000000008.9,5.0
20,2,Co-PPSO,1000000000000016.6,6.0
20,2,PDABC,1000000000000032.1,7.0
20,2,NLSOMACLP,1000000000000035.4,8.0
20,2,NL-SHADE-LBC,1000000000000047.4,9.0
20,3,ABC,21167.8,1.0
20,3,PDABC,22127.9,2.0
20,3,NL-SHADE-RSP-MID,140853.5,3.0
20,3,NL-SHADE-LBC,156926.1,4.0
20,3,S_LSHADE_DP,209235.23333333334,5.0
20,3,NLSOMACLP,249166.46666666667,6.0
20,3,EA4eigN100_10,329545.8,7.0
20,3,ZOCMAES,433333333404860.7,8.0
20,3,Co-PPSO,833333333399684.6,9.0
20,4,NL-SHADE-LBC,1000000000000004.5,1.0
20,4,EA4eigN100_10,1000000000000008.6,2.0
20,4,S_LSHADE_DP,1000000000000013.5,3.0
20,4,Co-PPSO,1000000000000019.2,4.0
20,4,ZOCMAES,1000000000000020.6,5.0
20,4,PDABC,1000000000000026.8,6.0
20,4,NL-SHADE-RSP-MID,1000000000000027.9,7.0
20,4,NLSOMACLP,1000000000000030.0,8.0
20,4,ABC,1000000000000171.6,9.0
20,5,NL-SHADE-LBC,79836.36666666667,1.0
20,5,EA4eigN100_10,158490.0,2.0
20,5,PDABC,232688.7,3.0
20,5,S_LSHADE_DP,33333333856738.836,4.0
20,5,ZOCMAES,66666666712926.734,5.0
20,5,NLSOMACLP,433333333563678.6,6.0
20,5,Co-PPSO,600000000081936.4,7.0
20,5,ABC,1000000000000003.2,8.0
20,5,NL-SHADE-RSP-MID,1000000000000147.2,9.0
20,6,EA4eigN100_10,1000000000000000.1,1.0
20,6,NL-SHADE-LBC,1000000000000000.6,2.0
20,6,S_LSHADE_DP,1000000000000002.1,3.0
20,6,NL-SHADE-RSP-MID,1000000000000006.4,4.0
20,6,NLSOMACLP,1000000000000040.9,5.0
20,6,ZOCMAES,1000000000000041.6,6.0
20,6,PDABC,1000000000005541.1,7.0
20,6,Co-PPSO,1000000000005589.2,8.0
20,6,ABC,1000000000022788.5,9.0
20,7,ABC,5607.966666666666,1.0
20,7,PDABC,6774.366666666667,2.0
20,7,S_LSHADE_DP,966666666692688.4,3.0
20,7,EA4eigN100_10,966666666700003.5,4.0
20,7,NL-SHADE-LBC,1000000000000002.5,5.0
20,7,NLSOMACLP,1000000000000008.2,6.0
20,7,NL-SHADE-RSP-MID,1000000000000011.6,7.0
20,7,Co-PPSO,1000000000000029.6,8.0
20,7,ZOCMAES,1000000000000095.4,9.0
20,8,PDABC,66666666812842.164,1.0
20,8,ABC,166666666838149.8,2.0
20,8,NL-SHADE-LBC,1000000000000016.5,3.0
20,8,EA4eigN100_10,1000000000000016.6,4.0
20,8,S_LSHADE_DP,1000000000000018.6,5.0
20,8,NL-SHADE-RSP-MID,1000000000000020.0,6.0
20,8,NLSOMACLP,1000000000000020.8,7.0
20,8,Co-PPSO,1000000000000021.8,8.0
20,8,ZOCMAES,1000000000000054.8,9.0
20,9,PDABC,966666666681363.5,1.0
20,9,EA4eigN100_10,1000000000000165.4,2.0
20,9,Co-PPSO,1000000000000180.4,3.0
20,9,NL-SHADE-LBC,1000000000000180.8,6.0
20,9,NL-SHADE-RSP-MID,1000000000000180.8,6.0
20,9,NLSOMACLP,1000000000000180.8,6.0
20,9,S_LSHADE_DP,1000000000000180.8,6.0
20,9,ZOCMAES,1000000000000180.8,6.0
20,9,ABC,1000000000000335.9,9.0
20,10,ABC,1601.1333333333334,1.0
20,10,PDABC,3867.0,2.0
20,10,S_LSHADE_DP,154735.46666666667,3.0
20,10,NL-SHADE-RSP-MID,66666666802928.03,4.0
20,10,NLSOMACLP,1000000000000000.2,5.0
20,10,NL-SHADE-LBC,1000000000000100.1,6.0
20,10,EA4eigN100_10,1000000000000108.2,7.0
20,10,Co-PPSO,1000000000000117.5,8.0
20,10,ZOCMAES,1000000000000734.1,9.0
20,11,PDABC,59073.73333333333,1.0
20,11,ABC,136876.06666666668,2.0
20,11,S_LSHADE_DP,100000000442431.03,3.0
20,11,NLSOMACLP,200000000597255.0,4.0
20,11,NL-SHADE-RSP-MID,600000000178769.2,5.0
20,11,Co-PPSO,933333333350392.5,6.0
20,11,ZOCMAES,966666666671217.9,7.0
20,11,NL-SHADE-LBC,1000000000000303.4,8.0
20,11,EA4eigN100_10,1000000000000323.4,9.0
20,12,ABC,65507.36666666667,1.0
20,12,PDABC,900000000084092.5,2.0
20,12,Co-PPSO,1000000000000196.2,3.0
20,12,EA4eigN100_10,1000000000000199.6,4.0
20,12,S_LSHADE_DP,1000000000000233.9,5.0
20,12,NLSOMACLP,1000000000000236.4,6.0
20,12,NL-SHADE-LBC,1000000000000239.2,7.0
20,12,NL-SHADE-RSP-MID,1000000000000243.4,8.0
20,12,ZOCMAES,1000000000000248.4,9.0
